Model,DPD_Max,DPD_Pass,EOD_Max,EOD_Pass,DI_Min,DI_Pass,All_Criteria
LR_Fair,0.0512289513113513,False,0.125,False,0.9456517214425243,True,False
XGB_Fair,0.0017660044150110688,True,0.010869565217391353,True,0.9982339955849889,True,True
RF_Fair,0.13075001416930798,False,0.6413043478260869,False,0.8453531164002702,True,False
NN_Fair,0.0,True,0.0,True,1.0,True,True
GLM_Fair,0.05462764068356318,False,0.04666666666666667,True,0.9421738130899786,True,False
GOSDT_Fair,0.0,True,0.0,True,1.0,True,True
FasterRisk_Fair,0.00044150110375273943,True,0.010869565217391353,True,0.9995584988962473,True,True
Ensemble_Fair,0.012987012987012991,True,0.19999999999999996,False,0.987012987012987,True,False
