Model,AUC-ROC,Accuracy,Precision,Recall,F1 Score
Logistic Regression,0.9998896559360398,0.9959641377068718,0.9999848162769511,0.9955106112824234,0.9977426978548054
XGBoost,0.9999822514451849,0.998158129960183,0.9996821167993702,0.9982616845032952,0.9989713957252417
Random Forest,0.9999774738962836,0.9973184539126195,0.999939362701998,0.9970675373359937,0.9985013850834835
Neural Network,0.999966114427664,0.9984154500392751,0.9984602146641909,0.999773263196082,0.9991163075249813
GOSDT,0.5,0.9,0.9,1.0,0.9473684210526316
GLM,0.9996795864418294,0.9948265120940437,0.9996961132889659,0.994528085132112,0.9971054027430477
FasterRisk,0.4399906151466497,0.3703783959478859,0.8745334044336102,0.347058467863837,0.496915918190672
