Model,AUC-ROC,Accuracy,Precision,Recall,F1 Score
XGBoost,0.9999722910034472,0.9973997128849644,0.999621292453116,0.9974756635830462,0.9985473254142393
Random Forest,0.9999628913530757,0.9968986158888378,0.9998180467316644,0.9967198742366528,0.9982665566548328
Neural Network,0.9999353358362653,0.9979549825293209,0.9985347210682941,0.9991837475058951,0.9988591288579955
Logistic Regression,0.9998818186307374,0.9949213142284461,0.9999543982853756,0.9943769272628333,0.9971578636229281
GLM,0.9996910521656551,0.9946369078252391,0.9996504877974652,0.9943618114759054,0.9969991361149422
GOSDT,0.5,0.9,0.9,1.0,0.9473684210526316
FasterRisk,0.4399906151466497,0.3703783959478859,0.8745334044336102,0.347058467863837,0.496915918190672
