Model,AUC-ROC,Accuracy,Precision,Recall,F1 Score
XGBoost,0.9999753310829583,0.9986321406321949,0.9990782295963855,0.9993953685228854,0.999236773896156
Random Forest,0.9999659314325867,0.9979008098810911,0.9988662302913033,0.9987907370457706,0.9988284822420583
Neural Network,0.9999480431718523,0.9976570329640565,0.999379399076667,0.9980047161255214,0.9986915845440588
Logistic Regression,0.9998795951421632,0.9957474471139521,0.9997267676614348,0.9955257270693513,0.9976218246815214
GLM,0.9997821020550873,0.9948806847422736,0.9991652501214182,0.9951176008222988,0.9971373178637425
GOSDT,0.5,0.9,0.9,1.0,0.9473684210526316
FasterRisk,0.47796786788255996,0.48067390774398006,0.884285872208711,0.48365983433097526,0.6253077975376197
