{
  "models": [
    "xgboost",
    "random_forest",
    "neural_network"
  ],
  "weights": [
    0.3333333333333333,
    0.3333333333333333,
    0.3333333333333333
  ],
  "voting": "soft",
  "performance": {
    "auc_roc": 0.9999740894711968,
    "accuracy": 0.9982935615807579,
    "precision": 0.9992741130568914,
    "recall": 0.9988209686196263,
    "f1_score": 0.9990474894543475
  },
  "timestamp": "20260215_192831"
}